<!DOCTYPE PATCH  SYSTEM "http://vvvv.org/versions/vvvv45beta34.2.dtd" >
   <PATCH nodename="C:\Users\gorli\Desktop\Laboratorio di Sintesi\vvvv\lapis_boh.v4p" scrollx="165" scrolly="-360" systemname="lapis_boh" filename="C:\Users\gorli\Desktop\Laboratorio di Sintesi\vvvv\lapis_boh.v4p">
   <BOUNDS type="Window" left="0" top="0" width="9000" height="10830">
   </BOUNDS>
   <NODE systemname="Reader (SVG)" filename="%VVVV%\lib\nodes\plugins\VVVV.Nodes.dll" nodename="Reader (SVG)" componentmode="Hidden" id="2">
   <BOUNDS type="Node" left="840" top="7905" width="100" height="100">
   </BOUNDS>
   <PIN pinname="Filename" slicecount="1" values="|..\3. branding\svg\lapis.svg|">
   </PIN>
   <PIN pinname="Layer" visible="1">
   </PIN>
   <PIN pinname="View" visible="1">
   </PIN>
   <PIN pinname="Background Color" visible="1" slicecount="1" values="|0.00000,1.00000,0.00000,1.00000|">
   </PIN>
   <PIN pinname="Document" visible="1">
   </PIN>
   </NODE>
   <NODE systemname="Renderer (EX9)" nodename="Renderer (EX9)" componentmode="InAWindow" id="6">
   <BOUNDS type="Node" left="2610" top="9690" width="100" height="100">
   </BOUNDS>
   <BOUNDS type="Box" left="2610" top="9690" width="2400" height="1800">
   </BOUNDS>
   <BOUNDS type="Window" left="8835" top="0" width="11655" height="8700">
   </BOUNDS>
   <PIN pinname="Layers" visible="1" slicecount="1" values="||">
   </PIN>
   <PIN pinname="Background Color" visible="1" slicecount="1" values="|1.00000,0.00000,0.47955,1.00000|">
   </PIN>
   </NODE>
   <NODE systemname="SVGTexture (EX9.Texture)" filename="%VVVV%\lib\nodes\plugins\VVVV.Nodes.dll" nodename="SVGTexture (EX9.Texture)" componentmode="Hidden" id="8">
   <BOUNDS type="Node" left="2940" top="8160" width="100" height="100">
   </BOUNDS>
   <PIN pinname="Texture Out" visible="1">
   </PIN>
   <PIN pinname="Document" visible="1">
   </PIN>
   </NODE>
   <LINK srcnodeid="2" srcpinname="Document" dstnodeid="8" dstpinname="Document">
   </LINK>
   <NODE id="7" systemname="Quad (DX9)" nodename="Quad (DX9)" componentmode="Hidden" hiddenwhenlocked="0" managers="">
   <PIN pinname="Layer" visible="1" pintype="Output">
   </PIN>
   <BOUNDS type="Node" left="2610" top="8595" width="100" height="100">
   </BOUNDS>
   <PIN pinname="Texture" visible="1" pintype="Input" slicecount="1" values="||">
   </PIN>
   <PIN pinname="Descriptive Name" pintype="Configuration" slicecount="1" values="||">
   </PIN>
   <PIN pinname="Render State" pintype="Input" visible="1" slicecount="1" values="||">
   </PIN>
   <PIN pinname="Transform" pintype="Input" visible="1" slicecount="1" values="||">
   </PIN>
   <PIN pinname="Sampler State" pintype="Input" visible="1" slicecount="1" values="||">
   </PIN>
   <PIN pinname="Texture Transform" pintype="Input" visible="1" slicecount="1" values="||">
   </PIN>
   <PIN pinname="Texture Coord Mapping" pintype="Input" visible="0" slicecount="1" values="OnShape_UV">
   </PIN>
   <PIN pinname="Color" pintype="Input" visible="1" slicecount="1" values="|1.00000,1.00000,1.00000,1.00000|">
   </PIN>
   <PIN pinname="Draw Slicewise" pintype="Input" visible="-1" slicecount="1" values="0">
   </PIN>
   <PIN pinname="Space" pintype="Input" slicecount="1" values="World">
   </PIN>
   <PIN pinname="Enabled" pintype="Input" visible="0" slicecount="1" values="1">
   </PIN>
   <PIN pinname="ID" pintype="Output" visible="-1">
   </PIN>
   </NODE>
   <LINK srcnodeid="8" srcpinname="Texture Out" dstnodeid="7" dstpinname="Texture">
   </LINK>
   <NODE systemname="IOBox (Color)" nodename="IOBox (Color)" componentmode="InABox" id="10">
   <BOUNDS type="Node" left="1530" top="210" width="100" height="100">
   </BOUNDS>
   <BOUNDS type="Box" left="1530" top="210" width="3150" height="240">
   </BOUNDS>
   <PIN pinname="Color Input" slicecount="1" values="|1.00000,1.00000,1.00000,0.00000|">
   </PIN>
   <PIN pinname="Color Output" visible="1">
   </PIN>
   <PIN pinname="Chooser Style" slicecount="1" values="RGBASlider">
   </PIN>
   </NODE>
   <LINK srcnodeid="10" srcpinname="Color Output" dstnodeid="2" dstpinname="Background Color">
   </LINK>
   <NODE systemname="Group (EX9)" nodename="Group (EX9)" componentmode="Hidden" id="15">
   <BOUNDS type="Node" left="2610" top="9060" width="630" height="270">
   </BOUNDS>
   <PIN pinname="Layer 1" visible="1">
   </PIN>
   <PIN pinname="Layer" visible="1">
   </PIN>
   <PIN pinname="Layer 2" visible="1">
   </PIN>
   </NODE>
   <LINK srcnodeid="7" srcpinname="Layer" dstnodeid="15" dstpinname="Layer 1">
   </LINK>
   <LINK srcnodeid="15" srcpinname="Layer" dstnodeid="6" dstpinname="Layers">
   </LINK>
   <NODE systemname="Quad (DX9)" nodename="Quad (DX9)" componentmode="Hidden" id="16">
   <BOUNDS type="Node" left="3960" top="8595" width="100" height="100">
   </BOUNDS>
   <PIN pinname="Texture" visible="1">
   </PIN>
   <PIN pinname="Layer" visible="1">
   </PIN>
   <PIN pinname="Transform" visible="1" slicecount="1" values="||">
   </PIN>
   </NODE>
   <NODE systemname="SVGTexture (EX9.Texture)" filename="%VVVV%\lib\nodes\plugins\VVVV.Nodes.dll" nodename="SVGTexture (EX9.Texture)" componentmode="Hidden" id="17">
   <BOUNDS type="Node" left="4290" top="8190" width="100" height="100">
   </BOUNDS>
   <PIN pinname="Document" visible="1">
   </PIN>
   <PIN pinname="Texture Out" visible="1">
   </PIN>
   </NODE>
   <NODE systemname="Reader (SVG)" filename="%VVVV%\lib\nodes\plugins\VVVV.Nodes.dll" nodename="Reader (SVG)" componentmode="Hidden" id="18">
   <BOUNDS type="Node" left="5970" top="7965" width="100" height="100">
   </BOUNDS>
   <PIN pinname="Background Color" visible="1" slicecount="1" values="|1.00000,0.49627,0.00000,1.00000|">
   </PIN>
   <PIN pinname="Document" visible="1">
   </PIN>
   <PIN pinname="Filename" slicecount="1" values="|..\3. branding\svg\].svg|">
   </PIN>
   </NODE>
   <LINK srcnodeid="18" srcpinname="Document" dstnodeid="17" dstpinname="Document">
   </LINK>
   <LINK srcnodeid="17" srcpinname="Texture Out" dstnodeid="16" dstpinname="Texture">
   </LINK>
   <LINK srcnodeid="16" srcpinname="Layer" dstnodeid="15" dstpinname="Layer 2">
   </LINK>
   <NODE systemname="Transform (Transform 2d)" nodename="Transform (Transform 2d)" componentmode="Hidden" id="24">
   <BOUNDS type="Node" left="4125" top="7770" width="100" height="100">
   </BOUNDS>
   <PIN pinname="Transform Out" visible="1">
   </PIN>
   <PIN pinname="TranslateX" slicecount="1" visible="1" values="1.25">
   </PIN>
   <PIN pinname="Transform In" visible="1" slicecount="1" values="||">
   </PIN>
   <PIN pinname="TranslateY" slicecount="1" visible="1" values="0">
   </PIN>
   <PIN pinname="ScaleX" slicecount="1" values="0.23">
   </PIN>
   <PIN pinname="ScaleY" slicecount="1" values="1">
   </PIN>
   <PIN pinname="Rotate" slicecount="1" values="0">
   </PIN>
   <PIN pinname="CenterX" slicecount="1" values="0">
   </PIN>
   <PIN pinname="CenterY" slicecount="1" values="0">
   </PIN>
   </NODE>
   <LINK srcnodeid="24" srcpinname="Transform Out" dstnodeid="16" dstpinname="Transform">
   </LINK>
   <NODE systemname="Transform (Transform 2d)" nodename="Transform (Transform 2d)" componentmode="Hidden" id="26">
   <BOUNDS type="Node" left="2760" top="7755" width="100" height="100">
   </BOUNDS>
   <PIN pinname="Transform Out" visible="1">
   </PIN>
   <PIN pinname="Transform In" visible="1" slicecount="1" values="||">
   </PIN>
   <PIN pinname="CenterY" slicecount="1" values="0">
   </PIN>
   <PIN pinname="CenterX" slicecount="1" values="0">
   </PIN>
   <PIN pinname="Rotate" slicecount="1" values="0">
   </PIN>
   <PIN pinname="ScaleY" slicecount="1" values="1">
   </PIN>
   <PIN pinname="ScaleX" slicecount="1" values="1.9">
   </PIN>
   <PIN pinname="TranslateY" slicecount="1" values="0">
   </PIN>
   <PIN pinname="TranslateX" slicecount="1" values="-0.5">
   </PIN>
   </NODE>
   <LINK srcnodeid="26" srcpinname="Transform Out" dstnodeid="7" dstpinname="Transform">
   </LINK>
   <LINK srcnodeid="10" srcpinname="Color Output" dstnodeid="18" dstpinname="Background Color">
   <LINKPOINT x="6720" y="435">
   </LINKPOINT>
   </LINK>
   <PACK Name="addonpack" Version="34.1.0">
   </PACK>
   <NODE systemname="AspectRatio (Transform)" nodename="AspectRatio (Transform)" componentmode="Hidden" id="33">
   <BOUNDS type="Node" left="4110" top="7260" width="100" height="100">
   </BOUNDS>
   <PIN pinname="Transform Out" visible="1">
   </PIN>
   <PIN pinname="Uniform Scale" slicecount="1" values="0.5">
   </PIN>
   </NODE>
   <LINK srcnodeid="33" srcpinname="Transform Out" dstnodeid="24" dstpinname="Transform In">
   </LINK>
   <NODE systemname="AspectRatio (Transform)" nodename="AspectRatio (Transform)" componentmode="Hidden" id="34">
   <BOUNDS type="Node" left="2745" top="7290" width="100" height="100">
   </BOUNDS>
   <PIN pinname="Transform Out" visible="1">
   </PIN>
   <PIN pinname="Uniform Scale" slicecount="1" values="0.5">
   </PIN>
   </NODE>
   <LINK srcnodeid="34" srcpinname="Transform Out" dstnodeid="26" dstpinname="Transform In">
   </LINK>
   <NODE systemname="Mouse (Devices Window)" filename="%VVVV%\lib\nodes\plugins\VVVV.Nodes.dll" nodename="Mouse (Devices Window)" componentmode="Hidden" id="48">
   <BOUNDS type="Node" left="4110" top="3060" width="100" height="100">
   </BOUNDS>
   <PIN pinname="PositionXY" visible="1">
   </PIN>
   <PIN pinname="Enabled" visible="1" slicecount="1" values="1">
   </PIN>
   </NODE>
   <NODE systemname="Mouse (Devices Window)" filename="%VVVV%\lib\nodes\plugins\VVVV.Nodes.dll" nodename="Mouse (Devices Window)" componentmode="Hidden" id="62">
   <BOUNDS type="Node" left="3600" top="960" width="100" height="100">
   </BOUNDS>
   <PIN pinname="Left Button" visible="1">
   </PIN>
   </NODE>
   <NODE systemname="Toggle (Animation)" nodename="Toggle (Animation)" componentmode="Hidden" id="64">
   <BOUNDS type="Node" left="4080" top="1935" width="100" height="100">
   </BOUNDS>
   <PIN pinname="Input" visible="1" slicecount="1" values="0">
   </PIN>
   <PIN pinname="Output" visible="1">
   </PIN>
   </NODE>
   <NODE systemname="IOBox (Value Advanced)" nodename="IOBox (Value Advanced)" componentmode="InABox" id="65">
   <BOUNDS type="Node" left="4095" top="2400" width="100" height="100">
   </BOUNDS>
   <BOUNDS type="Box" left="4095" top="2400" width="480" height="480">
   </BOUNDS>
   <PIN pinname="Value Type" slicecount="1" values="Boolean">
   </PIN>
   <PIN pinname="Behavior" slicecount="1" values="Toggle">
   </PIN>
   <PIN pinname="Y Input Value" visible="1">
   </PIN>
   <PIN pinname="Y Output Value" visible="1">
   </PIN>
   </NODE>
   <LINK srcnodeid="64" srcpinname="Output" dstnodeid="65" dstpinname="Y Input Value">
   </LINK>
   <LINK srcnodeid="65" srcpinname="Y Output Value" dstnodeid="48" dstpinname="Enabled">
   </LINK>
   <NODE systemname="TogEdge (Animation)" nodename="TogEdge (Animation)" componentmode="Hidden" id="73">
   <BOUNDS type="Node" left="4080" top="1470" width="100" height="100">
   </BOUNDS>
   <PIN pinname="Input" visible="1">
   </PIN>
   <PIN pinname="Up Edge" visible="1">
   </PIN>
   </NODE>
   <LINK srcnodeid="62" srcpinname="Left Button" dstnodeid="73" dstpinname="Input">
   </LINK>
   <LINK srcnodeid="73" srcpinname="Up Edge" dstnodeid="64" dstpinname="Input">
   </LINK>
   <NODE systemname="Vector (2d Split)" nodename="Vector (2d Split)" componentmode="Hidden" id="74">
   <BOUNDS type="Node" left="4260" top="3450" width="100" height="100">
   </BOUNDS>
   <PIN pinname="XY" visible="1">
   </PIN>
   <PIN pinname="X" visible="1">
   </PIN>
   <PIN pinname="Y" visible="1">
   </PIN>
   </NODE>
   <LINK srcnodeid="48" srcpinname="PositionXY" dstnodeid="74" dstpinname="XY">
   </LINK>
   <NODE systemname="Multiply (Value)" nodename="Multiply (Value)" componentmode="Hidden" id="75">
   <BOUNDS type="Node" left="4260" top="3915" width="100" height="100">
   </BOUNDS>
   <PIN pinname="Input 1" visible="1" slicecount="1" values="0.592105263157895">
   </PIN>
   <PIN pinname="Output" visible="1">
   </PIN>
   <PIN pinname="Input 2" slicecount="1" values="2">
   </PIN>
   </NODE>
   <NODE systemname="Multiply (Value)" nodename="Multiply (Value)" componentmode="Hidden" id="76">
   <BOUNDS type="Node" left="4770" top="3930" width="100" height="100">
   </BOUNDS>
   <PIN pinname="Input 1" visible="1" slicecount="1" values="-0.311111111111111">
   </PIN>
   <PIN pinname="Output" visible="1">
   </PIN>
   <PIN pinname="Input 2" slicecount="1" values="2">
   </PIN>
   </NODE>
   <NODE systemname="Toggle (Animation)" nodename="Toggle (Animation)" componentmode="Hidden" id="77">
   <BOUNDS type="Node" left="2490" top="2925" width="100" height="100">
   </BOUNDS>
   <PIN pinname="Output" visible="1">
   </PIN>
   <PIN pinname="Inverse Output" visible="1">
   </PIN>
   <PIN pinname="Input" visible="1">
   </PIN>
   </NODE>
   <NODE systemname="IOBox (Value Advanced)" nodename="IOBox (Value Advanced)" componentmode="InABox" id="78">
   <BOUNDS type="Node" left="3015" top="3465" width="100" height="100">
   </BOUNDS>
   <BOUNDS type="Box" left="3015" top="3465" width="795" height="240">
   </BOUNDS>
   <PIN pinname="Y Input Value" visible="1">
   </PIN>
   <PIN pinname="Y Output Value" visible="1">
   </PIN>
   </NODE>
   <NODE systemname="IOBox (Value Advanced)" nodename="IOBox (Value Advanced)" componentmode="InABox" id="79">
   <BOUNDS type="Node" left="2490" top="3870" width="100" height="100">
   </BOUNDS>
   <BOUNDS type="Box" left="2490" top="3870" width="795" height="240">
   </BOUNDS>
   <PIN pinname="Y Input Value" visible="1">
   </PIN>
   <PIN pinname="Y Output Value" visible="1">
   </PIN>
   </NODE>
   <LINK srcnodeid="77" srcpinname="Output" dstnodeid="79" dstpinname="Y Input Value">
   </LINK>
   <LINK srcnodeid="77" srcpinname="Inverse Output" dstnodeid="78" dstpinname="Y Input Value">
   </LINK>
   <NODE systemname="TogEdge (Animation)" nodename="TogEdge (Animation)" componentmode="Hidden" id="80">
   <BOUNDS type="Node" left="2505" top="2460" width="100" height="100">
   </BOUNDS>
   <PIN pinname="Up Edge" visible="1">
   </PIN>
   <PIN pinname="Input" visible="1">
   </PIN>
   </NODE>
   <LINK srcnodeid="80" srcpinname="Up Edge" dstnodeid="77" dstpinname="Input">
   </LINK>
   <NODE systemname="Mouse (Devices Window)" filename="%VVVV%\lib\nodes\plugins\VVVV.Nodes.dll" nodename="Mouse (Devices Window)" componentmode="Hidden" id="81">
   <BOUNDS type="Node" left="1995" top="1950" width="100" height="100">
   </BOUNDS>
   <PIN pinname="Left Button" visible="1">
   </PIN>
   </NODE>
   <LINK srcnodeid="81" srcpinname="Left Button" dstnodeid="80" dstpinname="Input">
   </LINK>
   <NODE systemname="IOBox (Value Advanced)" nodename="IOBox (Value Advanced)" componentmode="InABox" id="88">
   <BOUNDS type="Node" left="4740" top="4830" width="100" height="100">
   </BOUNDS>
   <BOUNDS type="Box" left="4740" top="4830" width="795" height="240">
   </BOUNDS>
   <PIN pinname="Y Input Value" visible="1" slicecount="1" values="-0.311111111111111">
   </PIN>
   <PIN pinname="Y Output Value" visible="1">
   </PIN>
   </NODE>
   <NODE systemname="IOBox (Value Advanced)" nodename="IOBox (Value Advanced)" componentmode="InABox" id="89">
   <BOUNDS type="Node" left="4260" top="4425" width="100" height="100">
   </BOUNDS>
   <BOUNDS type="Box" left="4260" top="4425" width="795" height="240">
   </BOUNDS>
   <PIN pinname="Y Input Value" visible="1" slicecount="1" values="0.592105263157895">
   </PIN>
   <PIN pinname="Y Output Value" visible="1">
   </PIN>
   </NODE>
   <LINK srcnodeid="74" srcpinname="Y" dstnodeid="76" dstpinname="Input 1">
   </LINK>
   <LINK srcnodeid="76" srcpinname="Output" dstnodeid="88" dstpinname="Y Input Value">
   </LINK>
   <LINK srcnodeid="74" srcpinname="X" dstnodeid="75" dstpinname="Input 1">
   </LINK>
   <LINK srcnodeid="75" srcpinname="Output" dstnodeid="89" dstpinname="Y Input Value">
   </LINK>
   <LINK srcnodeid="88" srcpinname="Y Output Value" dstnodeid="24" dstpinname="TranslateY">
   </LINK>
   <LINK srcnodeid="89" srcpinname="Y Output Value" dstnodeid="24" dstpinname="TranslateX">
   </LINK>
   </PATCH>