<!DOCTYPE PATCH  SYSTEM "http://vvvv.org/versions/vvvv45beta34.2.dtd" >
   <PATCH nodename="C:\Users\Cliente Euronics\Desktop\Animazione Guglielmo\logo animato.v4p" systemname="logo animato" filename="C:\Users\Cliente Euronics\Desktop\logo animato.v4p" scrollx="0" scrolly="-360">
   <BOUNDS type="Window" left="480" top="-105" width="12450" height="11025">
   </BOUNDS>
   <NODE systemname="Renderer (EX9)" nodename="Renderer (EX9)" componentmode="InAWindow" id="0">
   <BOUNDS type="Node" left="2760" top="9225" width="100" height="100">
   </BOUNDS>
   <BOUNDS type="Box" left="2760" top="9225" width="2400" height="1800">
   </BOUNDS>
   <BOUNDS type="Window" left="12735" top="1815" width="7755" height="6045">
   </BOUNDS>
   <PIN pinname="Layers" visible="1" slicecount="1" values="||">
   </PIN>
   </NODE>
   <NODE systemname="Group (EX9)" nodename="Group (EX9)" componentmode="Hidden" id="4">
   <BOUNDS type="Node" left="2760" top="8505" width="100" height="100">
   </BOUNDS>
   <PIN pinname="Layer" visible="1">
   </PIN>
   <PIN pinname="Layer 1" visible="1" slicecount="1" values="||">
   </PIN>
   <PIN pinname="Layer 2" visible="1" slicecount="1" values="||">
   </PIN>
   <PIN pinname="Layer Template Count" slicecount="1" values="3">
   </PIN>
   <PIN pinname="Layer 3" visible="1">
   </PIN>
   </NODE>
   <LINK srcnodeid="4" srcpinname="Layer" dstnodeid="0" dstpinname="Layers">
   </LINK>
   <NODE systemname="Quad (DX9)" nodename="Quad (DX9)" componentmode="Hidden" id="7">
   <BOUNDS type="Node" left="4905" top="5520" width="100" height="100">
   </BOUNDS>
   <PIN pinname="Layer" visible="1">
   </PIN>
   <PIN pinname="Texture" visible="1">
   </PIN>
   <PIN pinname="Transform" visible="1" slicecount="1" values="||">
   </PIN>
   <PIN pinname="Color" slicecount="1" values="|1.00000,1.00000,1.00000,1.00000|">
   </PIN>
   </NODE>
   <NODE systemname="SVGTexture (EX9.Texture)" filename="%VVVV%\lib\nodes\plugins\VVVV.Nodes.dll" nodename="SVGTexture (EX9.Texture)" componentmode="Hidden" id="6">
   <BOUNDS type="Node" left="5220" top="5055" width="100" height="100">
   </BOUNDS>
   <PIN pinname="Texture Out" visible="1">
   </PIN>
   <PIN pinname="Document" visible="1" slicecount="1" values="||">
   </PIN>
   </NODE>
   <LINK srcnodeid="6" srcpinname="Texture Out" dstnodeid="7" dstpinname="Texture">
   </LINK>
   <LINK srcnodeid="7" srcpinname="Layer" dstnodeid="4" dstpinname="Layer 2">
   </LINK>
   <NODE systemname="Quad (DX9)" nodename="Quad (DX9)" componentmode="Hidden" id="14">
   <BOUNDS type="Node" left="7305" top="5505" width="100" height="100">
   </BOUNDS>
   <PIN pinname="Layer" visible="1">
   </PIN>
   <PIN pinname="Texture" visible="1">
   </PIN>
   <PIN pinname="Transform" visible="1" slicecount="1" values="||">
   </PIN>
   <PIN pinname="Color" slicecount="1" values="|1.00000,1.00000,1.00000,1.00000|">
   </PIN>
   </NODE>
   <NODE systemname="SVGTexture (EX9.Texture)" filename="%VVVV%\lib\nodes\plugins\VVVV.Nodes.dll" nodename="SVGTexture (EX9.Texture)" componentmode="Hidden" id="13">
   <BOUNDS type="Node" left="7635" top="5070" width="100" height="100">
   </BOUNDS>
   <PIN pinname="Texture Out" visible="1">
   </PIN>
   <PIN pinname="Document" visible="1" slicecount="1" values="||">
   </PIN>
   </NODE>
   <LINK srcnodeid="13" srcpinname="Texture Out" dstnodeid="14" dstpinname="Texture">
   </LINK>
   <LINK srcnodeid="14" srcpinname="Layer" dstnodeid="4" dstpinname="Layer 3">
   </LINK>
   <NODE id="11" systemname="Transform (Transform 2d)" nodename="Transform (Transform 2d)" componentmode="Hidden" hiddenwhenlocked="0" managers="">
   <PIN pinname="CenterX" slicecount="1" pintype="Input" visible="1" values="0">
   </PIN>
   <PIN pinname="TranslateX" slicecount="1" pintype="Input" visible="1" values="0.09">
   </PIN>
   <PIN pinname="ScaleX" slicecount="1" pintype="Input" visible="1" values="0.06">
   </PIN>
   <PIN pinname="ScaleY" slicecount="1" pintype="Input" visible="1" values="0.21">
   </PIN>
   <BOUNDS type="Node" left="7590" top="4050" width="100" height="100">
   </BOUNDS>
   <PIN pinname="Transform Out" visible="1" pintype="Output">
   </PIN>
   <PIN pinname="TranslateY" slicecount="1" pintype="Input" visible="1" values="-0.02">
   </PIN>
   <PIN pinname="Descriptive Name" pintype="Configuration" slicecount="1" values="||">
   </PIN>
   <PIN pinname="Transform In" pintype="Input" visible="1" slicecount="1" values="||">
   </PIN>
   <PIN pinname="Rotate" pintype="Input" visible="1" slicecount="1" values="0">
   </PIN>
   <PIN pinname="CenterY" pintype="Input" visible="1" slicecount="1" values="0">
   </PIN>
   <PIN pinname="ID" pintype="Output" visible="-1">
   </PIN>
   </NODE>
   <LINK srcnodeid="11" srcpinname="Transform Out" dstnodeid="14" dstpinname="Transform">
   </LINK>
   <NODE id="12" systemname="Reader (SVG)" filename="%VVVV%\lib\nodes\plugins\VVVV.Nodes.dll" nodename="Reader (SVG)" componentmode="Hidden" hiddenwhenlocked="0" managers="">
   <BOUNDS type="Node" left="7635" top="4530" width="100" height="100">
   </BOUNDS>
   <PIN pinname="Filename" slicecount="1" pintype="Input" visible="1" values="].svg">
   </PIN>
   <PIN pinname="Document" visible="1" pintype="Output">
   </PIN>
   <PIN pinname="Background Color" slicecount="1" pintype="Input" visible="1" values="|0.51369,0.51369,0.51369,0.00000|">
   </PIN>
   <BOUNDS type="Box" left="0" top="0" width="2400" height="1800">
   </BOUNDS>
   <BOUNDS type="Window" left="0" top="0" width="6000" height="4500">
   </BOUNDS>
   <PIN pinname="Descriptive Name" pintype="Configuration" slicecount="1" values="||">
   </PIN>
   <PIN pinname="Reload" pintype="Input" visible="1" slicecount="1" values="0">
   </PIN>
   <PIN pinname="Window Handle" pintype="Output">
   </PIN>
   <PIN pinname="Layer" pintype="Output" visible="1">
   </PIN>
   <PIN pinname="Layer Bin Size" pintype="Output" visible="1">
   </PIN>
   <PIN pinname="View" pintype="Output" visible="1">
   </PIN>
   <PIN pinname="Has View" pintype="Output" visible="0">
   </PIN>
   <PIN pinname="SizeXY" pintype="Output" visible="1">
   </PIN>
   <PIN pinname="Has Size" pintype="Output" visible="0">
   </PIN>
   <PIN pinname="Success" pintype="Output" visible="1">
   </PIN>
   <PIN pinname="Error Message" pintype="Output" visible="1">
   </PIN>
   <PIN pinname="Error" pintype="Output" visible="1">
   </PIN>
   <PIN pinname="ID" pintype="Output" visible="-1">
   </PIN>
   </NODE>
   <LINK srcnodeid="12" srcpinname="Document" dstnodeid="13" dstpinname="Document">
   </LINK>
   <NODE systemname="Reader (SVG)" filename="%VVVV%\lib\nodes\plugins\VVVV.Nodes.dll" nodename="Reader (SVG)" componentmode="Hidden" id="20">
   <BOUNDS type="Node" left="5205" top="4605" width="100" height="100">
   </BOUNDS>
   <PIN pinname="Filename" slicecount="1" values="l.svg">
   </PIN>
   </NODE>
   <LINK srcnodeid="20" srcpinname="Document" dstnodeid="6" dstpinname="Document">
   </LINK>
   <NODE id="21" systemname="Transform (Transform 2d)" nodename="Transform (Transform 2d)" componentmode="Hidden" hiddenwhenlocked="0" managers="">
   <PIN pinname="CenterX" slicecount="1" pintype="Input" visible="1" values="0">
   </PIN>
   <PIN pinname="TranslateX" slicecount="1" pintype="Input" visible="1" values="0">
   </PIN>
   <PIN pinname="ScaleX" slicecount="1" pintype="Input" visible="1" values="0.09">
   </PIN>
   <PIN pinname="ScaleY" slicecount="1" pintype="Input" visible="1" values="0.21">
   </PIN>
   <BOUNDS type="Node" left="5070" top="4050" width="100" height="100">
   </BOUNDS>
   <PIN pinname="Transform Out" visible="1" pintype="Output">
   </PIN>
   <PIN pinname="TranslateY" slicecount="1" pintype="Input" visible="1" values="-0.02">
   </PIN>
   <PIN pinname="Descriptive Name" pintype="Configuration" slicecount="1" values="||">
   </PIN>
   <PIN pinname="Transform In" pintype="Input" visible="1" slicecount="1" values="||">
   </PIN>
   <PIN pinname="Rotate" pintype="Input" visible="1" slicecount="1" values="0">
   </PIN>
   <PIN pinname="CenterY" pintype="Input" visible="1" slicecount="1" values="0">
   </PIN>
   <PIN pinname="ID" pintype="Output" visible="-1">
   </PIN>
   </NODE>
   <LINK srcnodeid="21" srcpinname="Transform Out" dstnodeid="7" dstpinname="Transform">
   </LINK>
   <NODE systemname="Mouse (Devices Window)" filename="%VVVV%\lib\nodes\plugins\VVVV.Nodes.dll" nodename="Mouse (Devices Window)" componentmode="Hidden" id="25">
   <BOUNDS type="Node" left="5055" top="825" width="100" height="100">
   </BOUNDS>
   <PIN pinname="PositionXY" visible="1">
   </PIN>
   </NODE>
   <NODE systemname="EQ (Value)" nodename="EQ (Value)" componentmode="Hidden" id="30">
   <BOUNDS type="Node" left="1380" top="2700" width="100" height="100">
   </BOUNDS>
   <PIN pinname="Input 1" visible="1" slicecount="2" values="-0.96,-0.614325068870523">
   </PIN>
   <PIN pinname="Input 2" visible="1">
   </PIN>
   <PIN pinname="Epsilon" visible="1" slicecount="1" values="0">
   </PIN>
   <PIN pinname="Output" visible="1">
   </PIN>
   </NODE>
   <NODE systemname="IOBox (Value Advanced)" nodename="IOBox (Value Advanced)" componentmode="InABox" id="31">
   <BOUNDS type="Node" left="1605" top="1515" width="100" height="100">
   </BOUNDS>
   <BOUNDS type="Box" left="1605" top="1515" width="795" height="240">
   </BOUNDS>
   <PIN pinname="Y Output Value" visible="1">
   </PIN>
   <PIN pinname="Y Input Value" slicecount="1" values="-1">
   </PIN>
   </NODE>
   <LINK srcnodeid="31" srcpinname="Y Output Value" dstnodeid="30" dstpinname="Input 2">
   </LINK>
   <NODE systemname="IOBox (Value Advanced)" nodename="IOBox (Value Advanced)" componentmode="InABox" id="33">
   <BOUNDS type="Node" left="2445" top="1500" width="100" height="100">
   </BOUNDS>
   <BOUNDS type="Box" left="2445" top="1500" width="795" height="240">
   </BOUNDS>
   <PIN pinname="Y Output Value" visible="1">
   </PIN>
   <PIN pinname="Y Input Value" slicecount="1" values="1">
   </PIN>
   </NODE>
   <LINK srcnodeid="33" srcpinname="Y Output Value" dstnodeid="30" dstpinname="Epsilon">
   </LINK>
   <NODE systemname="IOBox (Value Advanced)" nodename="IOBox (Value Advanced)" componentmode="InABox" id="38" hiddenwhenlocked="0">
   <BOUNDS type="Node" left="5415" top="1260" width="100" height="100">
   </BOUNDS>
   <BOUNDS type="Box" left="5415" top="1260" width="855" height="405">
   </BOUNDS>
   <PIN pinname="Y Output Value" visible="1">
   </PIN>
   <PIN pinname="Y Input Value" visible="1" slicecount="2" values="-0.076,-0.829201101928375">
   </PIN>
   <PIN pinname="Rows" slicecount="1" values="2">
   </PIN>
   </NODE>
   <LINK srcnodeid="25" srcpinname="PositionXY" dstnodeid="38" dstpinname="Y Input Value">
   </LINK>
   <NODE systemname="TogEdge (Animation)" nodename="TogEdge (Animation)" componentmode="Hidden" id="40">
   <BOUNDS type="Node" left="1275" top="3345" width="100" height="100">
   </BOUNDS>
   <PIN pinname="Input" visible="1">
   </PIN>
   </NODE>
   <LINK srcnodeid="30" srcpinname="Output" dstnodeid="40" dstpinname="Input">
   </LINK>
   <NODE systemname="Vector (2d Split)" nodename="Vector (2d Split)" componentmode="Hidden" id="43">
   <BOUNDS type="Node" left="5250" top="1905" width="100" height="100">
   </BOUNDS>
   <PIN pinname="XY" visible="1">
   </PIN>
   <PIN pinname="X" visible="1">
   </PIN>
   <PIN pinname="Y" visible="1">
   </PIN>
   </NODE>
   <LINK srcnodeid="25" srcpinname="PositionXY" dstnodeid="43" dstpinname="XY">
   </LINK>
   <NODE systemname="Map (Value)" nodename="Map (Value)" componentmode="Hidden" id="44">
   <BOUNDS type="Node" left="5625" top="2910" width="100" height="100">
   </BOUNDS>
   <PIN pinname="Source Minimum" slicecount="1" values="-1">
   </PIN>
   <PIN pinname="Destination Maximum" slicecount="1" values="-0.8">
   </PIN>
   <PIN pinname="Input" visible="1" slicecount="1" values="-0.98">
   </PIN>
   <PIN pinname="Output" visible="1">
   </PIN>
   <PIN pinname="Destination Minimum" slicecount="1" values="0">
   </PIN>
   </NODE>
   <LINK srcnodeid="44" srcpinname="Output" dstnodeid="21" dstpinname="TranslateX">
   </LINK>
   <NODE systemname="Mouse (Devices Window)" filename="%VVVV%\lib\nodes\plugins\VVVV.Nodes.dll" nodename="Mouse (Devices Window)" componentmode="Hidden" id="49">
   <BOUNDS type="Node" left="7125" top="765" width="100" height="100">
   </BOUNDS>
   <PIN pinname="PositionXY" visible="1">
   </PIN>
   </NODE>
   <NODE systemname="IOBox (Value Advanced)" nodename="IOBox (Value Advanced)" componentmode="InABox" id="48" hiddenwhenlocked="0">
   <BOUNDS type="Node" left="7485" top="1200" width="100" height="100">
   </BOUNDS>
   <BOUNDS type="Box" left="7485" top="1200" width="855" height="405">
   </BOUNDS>
   <PIN pinname="Y Output Value" visible="1">
   </PIN>
   <PIN pinname="Y Input Value" visible="1" slicecount="2" values="-0.076,-0.829201101928375">
   </PIN>
   <PIN pinname="Rows" slicecount="1" values="2">
   </PIN>
   </NODE>
   <LINK srcnodeid="49" srcpinname="PositionXY" dstnodeid="48" dstpinname="Y Input Value">
   </LINK>
   <NODE systemname="Vector (2d Split)" nodename="Vector (2d Split)" componentmode="Hidden" id="47">
   <BOUNDS type="Node" left="7410" top="1980" width="100" height="100">
   </BOUNDS>
   <PIN pinname="XY" visible="1">
   </PIN>
   <PIN pinname="X" visible="1">
   </PIN>
   <PIN pinname="Y" visible="1">
   </PIN>
   </NODE>
   <LINK srcnodeid="49" srcpinname="PositionXY" dstnodeid="47" dstpinname="XY">
   </LINK>
   <NODE systemname="Map (Value)" nodename="Map (Value)" componentmode="Hidden" id="46">
   <BOUNDS type="Node" left="7695" top="2850" width="100" height="100">
   </BOUNDS>
   <PIN pinname="Source Minimum" slicecount="1" values="-1">
   </PIN>
   <PIN pinname="Destination Maximum" slicecount="1" values="0.89">
   </PIN>
   <PIN pinname="Input" visible="1" slicecount="1" values="-0.924">
   </PIN>
   <PIN pinname="Output" visible="1">
   </PIN>
   <PIN pinname="Destination Minimum" slicecount="1" values="0.09">
   </PIN>
   </NODE>
   <LINK srcnodeid="43" srcpinname="Y" dstnodeid="44" dstpinname="Input">
   </LINK>
   <LINK srcnodeid="46" srcpinname="Output" dstnodeid="11" dstpinname="TranslateX">
   </LINK>
   <LINK srcnodeid="47" srcpinname="Y" dstnodeid="46" dstpinname="Input">
   </LINK>
   <NODE id="10" systemname="Transform (Transform 2d)" nodename="Transform (Transform 2d)" componentmode="Hidden">
   <BOUNDS type="Node" left="570" top="7035" width="100" height="100">
   </BOUNDS>
   <PIN pinname="Transform Out" visible="1">
   </PIN>
   <PIN pinname="TranslateY" slicecount="1" values="-0.02">
   </PIN>
   <PIN pinname="TranslateX" slicecount="1" values="0.17">
   </PIN>
   <PIN pinname="ScaleX" slicecount="1" values="2.82">
   </PIN>
   <PIN pinname="ScaleY" slicecount="1" values="2.54">
   </PIN>
   </NODE>
   <NODE id="1" systemname="Quad (DX9)" nodename="Quad (DX9)" componentmode="Hidden" hiddenwhenlocked="0" managers="">
   <PIN pinname="Texture" visible="1" slicecount="1" pintype="Input" values="||">
   </PIN>
   <PIN pinname="Layer" visible="1" pintype="Output">
   </PIN>
   <BOUNDS type="Node" left="1095" top="7860" width="100" height="100">
   </BOUNDS>
   <PIN pinname="Descriptive Name" pintype="Configuration" slicecount="1" values="||">
   </PIN>
   <PIN pinname="Render State" pintype="Input" visible="1" slicecount="1" values="||">
   </PIN>
   <PIN pinname="Transform" pintype="Input" visible="1" slicecount="1" values="||">
   </PIN>
   <PIN pinname="Sampler State" pintype="Input" visible="1" slicecount="1" values="||">
   </PIN>
   <PIN pinname="Texture Transform" pintype="Input" visible="1" slicecount="1" values="||">
   </PIN>
   <PIN pinname="Texture Coord Mapping" pintype="Input" visible="0" slicecount="1" values="OnShape_UV">
   </PIN>
   <PIN pinname="Color" pintype="Input" visible="1" slicecount="1" values="|1.00000,1.00000,1.00000,1.00000|">
   </PIN>
   <PIN pinname="Draw Slicewise" pintype="Input" visible="-1" slicecount="1" values="0">
   </PIN>
   <PIN pinname="Space" pintype="Input" slicecount="1" values="World">
   </PIN>
   <PIN pinname="Enabled" pintype="Input" visible="0" slicecount="1" values="1">
   </PIN>
   <PIN pinname="ID" pintype="Output" visible="-1">
   </PIN>
   </NODE>
   <LINK srcnodeid="10" srcpinname="Transform Out" dstnodeid="1" dstpinname="Transform">
   </LINK>
   <LINK srcnodeid="1" srcpinname="Layer" dstnodeid="4" dstpinname="Layer 1">
   </LINK>
   </PATCH>