<!DOCTYPE PATCH  SYSTEM "http://vvvv.org/versions/vvvv45beta34.2.dtd" >
   <PATCH nodename="C:\Users\Francesca Ferrari\Desktop\lapis.v4p" scrollx="0" scrolly="-360" systemname="lapis" filename="C:\Users\Francesca Ferrari\Desktop\lapis.v4p">
   <BOUNDS type="Window" left="-120" top="680" width="13310" height="10520">
   </BOUNDS>
   <NODE systemname="IOBox (String)" nodename="IOBox (String)" componentmode="InABox" id="3">
   <BOUNDS type="Node" left="2990" top="1380" width="100" height="100">
   </BOUNDS>
   <BOUNDS type="Box" left="2990" top="1380" width="1410" height="330">
   </BOUNDS>
   <PIN pinname="Output String" visible="1">
   </PIN>
   <PIN pinname="Input String" slicecount="1" values="l.svg">
   </PIN>
   </NODE>
   <NODE systemname="SVGTexture (EX9.Texture)" filename="%VVVV%\lib\nodes\plugins\VVVV.Nodes.dll" nodename="SVGTexture (EX9.Texture)" componentmode="Hidden" id="13">
   <BOUNDS type="Node" left="2790" top="5590" width="100" height="100">
   </BOUNDS>
   <PIN pinname="Document" visible="1" slicecount="1" values="||">
   </PIN>
   <PIN pinname="Texture Out" visible="1">
   </PIN>
   </NODE>
   <NODE systemname="Renderer (EX9)" nodename="Renderer (EX9)" componentmode="InAWindow" id="16">
   <BOUNDS type="Node" left="3210" top="8530" width="100" height="100">
   </BOUNDS>
   <BOUNDS type="Box" left="3210" top="8530" width="2400" height="1800">
   </BOUNDS>
   <BOUNDS type="Window" left="13090" top="1020" width="5030" height="8410">
   </BOUNDS>
   <PIN pinname="Layers" visible="1" slicecount="1" values="||">
   </PIN>
   <PIN pinname="Background Color" slicecount="1" values="|0.90909,0.90909,0.90909,1.00000|">
   </PIN>
   </NODE>
   <NODE systemname="Transform (Transform 2d)" nodename="Transform (Transform 2d)" componentmode="Hidden" id="17">
   <BOUNDS type="Node" left="770" top="5300" width="100" height="100">
   </BOUNDS>
   <PIN pinname="TranslateX" visible="1" slicecount="1" values="-0.5">
   </PIN>
   <PIN pinname="Transform Out" visible="1">
   </PIN>
   <PIN pinname="ScaleX" slicecount="1" visible="1" values="1">
   </PIN>
   <PIN pinname="ScaleY" slicecount="1" visible="1" values="1">
   </PIN>
   </NODE>
   <NODE systemname="IOBox (Value Advanced)" nodename="IOBox (Value Advanced)" componentmode="InABox" id="18">
   <BOUNDS type="Node" left="980" top="4550" width="100" height="100">
   </BOUNDS>
   <BOUNDS type="Box" left="980" top="4550" width="1380" height="440">
   </BOUNDS>
   <PIN pinname="Y Output Value" visible="1">
   </PIN>
   <PIN pinname="Rows" slicecount="1" values="2">
   </PIN>
   <PIN pinname="Y Input Value" slicecount="1" values="0.2">
   </PIN>
   </NODE>
   <LINK srcnodeid="18" srcpinname="Y Output Value" dstnodeid="17" dstpinname="ScaleY">
   </LINK>
   <LINK srcnodeid="18" srcpinname="Y Output Value" dstnodeid="17" dstpinname="ScaleX">
   </LINK>
   <PACK Name="addonpack" Version="34.1.0">
   </PACK>
   <NODE systemname="Reader (SVG)" filename="%VVVV%\lib\nodes\plugins\VVVV.Nodes.dll" nodename="Reader (SVG)" componentmode="Hidden" id="26">
   <BOUNDS type="Node" left="3370" top="3250" width="100" height="100">
   </BOUNDS>
   <PIN pinname="Reload" visible="1" slicecount="1" values="0">
   </PIN>
   <PIN pinname="Filename" visible="1" slicecount="1" values="l.svg">
   </PIN>
   <PIN pinname="Document" visible="1">
   </PIN>
   <PIN pinname="Background Color" slicecount="1" values="|0.00000,0.00000,0.00000,0.00000|">
   </PIN>
   </NODE>
   <NODE id="14" systemname="Quad (DX9)" nodename="Quad (DX9)" componentmode="Hidden">
   <BOUNDS type="Node" left="1830" top="6300" width="100" height="100">
   </BOUNDS>
   <PIN pinname="Texture" visible="1">
   </PIN>
   <PIN pinname="Layer" visible="1">
   </PIN>
   <PIN pinname="Transform" visible="1">
   </PIN>
   </NODE>
   <LINK srcnodeid="17" srcpinname="Transform Out" dstnodeid="14" dstpinname="Transform">
   </LINK>
   <LINK srcnodeid="13" srcpinname="Texture Out" dstnodeid="14" dstpinname="Texture">
   </LINK>
   <NODE systemname="IOBox (String)" nodename="IOBox (String)" componentmode="InABox" id="32">
   <BOUNDS type="Node" left="7710" top="1850" width="100" height="100">
   </BOUNDS>
   <BOUNDS type="Box" left="7710" top="1850" width="800" height="240">
   </BOUNDS>
   <PIN pinname="Output String" visible="1">
   </PIN>
   <PIN pinname="Input String" slicecount="1" values="apis.svg">
   </PIN>
   </NODE>
   <NODE systemname="Group (EX9)" nodename="Group (EX9)" componentmode="Hidden" id="34">
   <BOUNDS type="Node" left="3460" top="7900" width="100" height="100">
   </BOUNDS>
   <PIN pinname="Layer" visible="1">
   </PIN>
   <PIN pinname="Layer 1" visible="1">
   </PIN>
   <PIN pinname="Layer Template Count" slicecount="1" values="6">
   </PIN>
   <PIN pinname="Layer 2" visible="1">
   </PIN>
   <PIN pinname="Layer 3" visible="1" slicecount="1" values="||">
   </PIN>
   <PIN pinname="Layer 4" visible="1" slicecount="1" values="||">
   </PIN>
   <PIN pinname="Layer 5" visible="1" slicecount="1" values="||">
   </PIN>
   <PIN pinname="Layer 6" visible="1">
   </PIN>
   </NODE>
   <LINK srcnodeid="34" srcpinname="Layer" dstnodeid="16" dstpinname="Layers">
   </LINK>
   <LINK srcnodeid="14" srcpinname="Layer" dstnodeid="34" dstpinname="Layer 1">
   </LINK>
   <LINK srcnodeid="3" srcpinname="Output String" dstnodeid="26" dstpinname="Filename">
   </LINK>
   <NODE systemname="Quad (DX9)" nodename="Quad (DX9)" componentmode="Hidden" id="36">
   <BOUNDS type="Node" left="6180" top="4970" width="100" height="100">
   </BOUNDS>
   <PIN pinname="Layer" visible="1">
   </PIN>
   <PIN pinname="Texture" visible="1">
   </PIN>
   <PIN pinname="Texture Transform" visible="1" slicecount="1" values="||">
   </PIN>
   <PIN pinname="Transform" visible="1" slicecount="1" values="||">
   </PIN>
   </NODE>
   <LINK srcnodeid="36" srcpinname="Layer" dstnodeid="34" dstpinname="Layer 2">
   </LINK>
   <NODE systemname="Reader (SVG)" filename="%VVVV%\lib\nodes\plugins\VVVV.Nodes.dll" nodename="Reader (SVG)" componentmode="Hidden" id="37">
   <BOUNDS type="Node" left="6710" top="2570" width="100" height="100">
   </BOUNDS>
   <PIN pinname="Filename" visible="1">
   </PIN>
   <PIN pinname="Document" visible="1">
   </PIN>
   </NODE>
   <LINK srcnodeid="32" srcpinname="Output String" dstnodeid="37" dstpinname="Filename">
   </LINK>
   <NODE systemname="SVGTexture (EX9.Texture)" filename="%VVVV%\lib\nodes\plugins\VVVV.Nodes.dll" nodename="SVGTexture (EX9.Texture)" componentmode="Hidden" id="38">
   <BOUNDS type="Node" left="7310" top="3700" width="100" height="100">
   </BOUNDS>
   <PIN pinname="Document" visible="1">
   </PIN>
   <PIN pinname="Texture Out" visible="1">
   </PIN>
   </NODE>
   <LINK srcnodeid="37" srcpinname="Document" dstnodeid="38" dstpinname="Document">
   </LINK>
   <LINK srcnodeid="38" srcpinname="Texture Out" dstnodeid="36" dstpinname="Texture">
   </LINK>
   <LINK srcnodeid="26" srcpinname="Document" dstnodeid="13" dstpinname="Document">
   </LINK>
   <NODE systemname="IOBox (String)" nodename="IOBox (String)" componentmode="InABox" id="73">
   <BOUNDS type="Node" left="9310" top="4500" width="100" height="100">
   </BOUNDS>
   <BOUNDS type="Box" left="9310" top="4500" width="800" height="240">
   </BOUNDS>
   <PIN pinname="Output String" visible="1">
   </PIN>
   <PIN pinname="Input String" slicecount="1" values="].svg">
   </PIN>
   </NODE>
   <NODE systemname="Quad (DX9)" nodename="Quad (DX9)" componentmode="Hidden" id="72">
   <BOUNDS type="Node" left="8880" top="7710" width="100" height="100">
   </BOUNDS>
   <PIN pinname="Layer" visible="1">
   </PIN>
   <PIN pinname="Texture" visible="1">
   </PIN>
   <PIN pinname="Texture Transform" visible="1" slicecount="1" values="||">
   </PIN>
   <PIN pinname="Transform" visible="1">
   </PIN>
   </NODE>
   <NODE systemname="Reader (SVG)" filename="%VVVV%\lib\nodes\plugins\VVVV.Nodes.dll" nodename="Reader (SVG)" componentmode="Hidden" id="71">
   <BOUNDS type="Node" left="9580" top="5290" width="100" height="100">
   </BOUNDS>
   <PIN pinname="Filename" visible="1">
   </PIN>
   <PIN pinname="Document" visible="1">
   </PIN>
   </NODE>
   <LINK srcnodeid="73" srcpinname="Output String" dstnodeid="71" dstpinname="Filename">
   </LINK>
   <NODE systemname="SVGTexture (EX9.Texture)" filename="%VVVV%\lib\nodes\plugins\VVVV.Nodes.dll" nodename="SVGTexture (EX9.Texture)" componentmode="Hidden" id="70">
   <BOUNDS type="Node" left="10180" top="6420" width="100" height="100">
   </BOUNDS>
   <PIN pinname="Document" visible="1">
   </PIN>
   <PIN pinname="Texture Out" visible="1">
   </PIN>
   </NODE>
   <LINK srcnodeid="71" srcpinname="Document" dstnodeid="70" dstpinname="Document">
   </LINK>
   <LINK srcnodeid="70" srcpinname="Texture Out" dstnodeid="72" dstpinname="Texture">
   </LINK>
   <NODE systemname="Transform (Transform 2d)" nodename="Transform (Transform 2d)" componentmode="Hidden" id="69">
   <BOUNDS type="Node" left="7660" top="6970" width="100" height="100">
   </BOUNDS>
   <PIN pinname="Transform Out" visible="1">
   </PIN>
   <PIN pinname="ScaleX" visible="1" slicecount="1" values="1">
   </PIN>
   <PIN pinname="ScaleY" visible="1" slicecount="1" values="0.2">
   </PIN>
   <PIN pinname="TranslateX" slicecount="1" values="0.7">
   </PIN>
   <PIN pinname="TranslateY" visible="1">
   </PIN>
   </NODE>
   <NODE systemname="IOBox (Value Advanced)" nodename="IOBox (Value Advanced)" componentmode="InABox" id="68">
   <BOUNDS type="Node" left="7660" top="5900" width="100" height="100">
   </BOUNDS>
   <BOUNDS type="Box" left="7660" top="5900" width="740" height="240">
   </BOUNDS>
   <PIN pinname="Y Output Value" visible="1">
   </PIN>
   <PIN pinname="Y Input Value" slicecount="1" values="0.12">
   </PIN>
   </NODE>
   <LINK srcnodeid="68" srcpinname="Y Output Value" dstnodeid="69" dstpinname="ScaleX">
   </LINK>
   <LINK srcnodeid="69" srcpinname="Transform Out" dstnodeid="72" dstpinname="Transform">
   </LINK>
   <LINK srcnodeid="72" srcpinname="Layer" dstnodeid="34" dstpinname="Layer 6">
   </LINK>
   <NODE systemname="Map (Value)" nodename="Map (Value)" componentmode="Hidden" id="74">
   <BOUNDS type="Node" left="11090" top="5840" width="100" height="100">
   </BOUNDS>
   <PIN pinname="Output" visible="1">
   </PIN>
   <PIN pinname="Input" visible="1" slicecount="1" values="0.461253687224962">
   </PIN>
   <PIN pinname="Source Minimum" slicecount="1" values="1">
   </PIN>
   <PIN pinname="Source Maximum" slicecount="1" values="-1">
   </PIN>
   <PIN pinname="Destination Minimum" slicecount="1" values="-0.8">
   </PIN>
   <PIN pinname="Destination Maximum" slicecount="1" values="0.8">
   </PIN>
   </NODE>
   <NODE id="39" systemname="Transform (Transform 2d)" nodename="Transform (Transform 2d)" componentmode="Hidden" hiddenwhenlocked="0" managers="">
   <BOUNDS type="Node" left="5770" top="3940" width="100" height="100">
   </BOUNDS>
   <PIN pinname="TranslateX" slicecount="1" pintype="Input" visible="1" values="0.03">
   </PIN>
   <PIN pinname="Transform Out" visible="1" pintype="Output">
   </PIN>
   <PIN pinname="ScaleY" visible="1" slicecount="1" pintype="Input" values="0.21">
   </PIN>
   <PIN pinname="ScaleX" visible="1" slicecount="1" pintype="Input" values="0.8">
   </PIN>
   <PIN pinname="Descriptive Name" pintype="Configuration" slicecount="1" values="||">
   </PIN>
   <PIN pinname="Transform In" pintype="Input" visible="1" slicecount="1" values="||">
   </PIN>
   <PIN pinname="TranslateY" pintype="Input" visible="1" slicecount="1" values="0">
   </PIN>
   <PIN pinname="Rotate" pintype="Input" visible="1" slicecount="1" values="0">
   </PIN>
   <PIN pinname="CenterX" pintype="Input" visible="1" slicecount="1" values="0">
   </PIN>
   <PIN pinname="CenterY" pintype="Input" visible="1" slicecount="1" values="0">
   </PIN>
   <PIN pinname="ID" pintype="Output" visible="-1">
   </PIN>
   </NODE>
   <LINK srcnodeid="39" srcpinname="Transform Out" dstnodeid="36" dstpinname="Transform">
   </LINK>
   <LINK srcnodeid="74" srcpinname="Output" dstnodeid="69" dstpinname="TranslateY">
   </LINK>
   <NODE id="76" systemname="LFO (Animation)" nodename="LFO (Animation)" componentmode="Hidden">
   <BOUNDS type="Node" left="11870" top="5170" width="100" height="100">
   </BOUNDS>
   <PIN pinname="Output" visible="1">
   </PIN>
   <PIN pinname="Period" slicecount="1" visible="1" values="5">
   </PIN>
   <PIN pinname="Pause" slicecount="1" visible="1" values="0">
   </PIN>
   </NODE>
   <LINK srcnodeid="76" srcpinname="Output" dstnodeid="74" dstpinname="Input">
   </LINK>
   <NODE systemname="Mouse (Devices Window)" filename="%VVVV%\lib\nodes\plugins\VVVV.Nodes.dll" nodename="Mouse (Devices Window)" componentmode="Hidden" id="77">
   <BOUNDS type="Node" left="9970" top="2630" width="100" height="100">
   </BOUNDS>
   <PIN pinname="Left Button" visible="1">
   </PIN>
   <PIN pinname="X1 Button" visible="1">
   </PIN>
   <PIN pinname="PositionXY" visible="1">
   </PIN>
   <PIN pinname="X2 Button" visible="1">
   </PIN>
   <PIN pinname="Right Button" visible="1">
   </PIN>
   <PIN pinname="Mouse Wheel" visible="1">
   </PIN>
   <PIN pinname="Middle Button" visible="1">
   </PIN>
   </NODE>
   <NODE systemname="Toggle (Animation)" nodename="Toggle (Animation)" componentmode="Hidden" id="82">
   <BOUNDS type="Node" left="10710" top="4320" width="100" height="100">
   </BOUNDS>
   <PIN pinname="Input" visible="1">
   </PIN>
   <PIN pinname="Output" visible="1">
   </PIN>
   </NODE>
   <LINK srcnodeid="77" srcpinname="Left Button" dstnodeid="82" dstpinname="Input">
   </LINK>
   <LINK srcnodeid="82" srcpinname="Output" dstnodeid="76" dstpinname="Pause">
   </LINK>
   <NODE systemname="Transform (Transform 2d)" nodename="Transform (Transform 2d)" componentmode="Hidden" id="83">
   <BOUNDS type="Node" left="5980" top="1730" width="100" height="100">
   </BOUNDS>
   <PIN pinname="Transform Out" visible="1">
   </PIN>
   <PIN pinname="ScaleX" visible="1" slicecount="1" values="0">
   </PIN>
   <PIN pinname="ScaleY" visible="1" slicecount="1" values="0">
   </PIN>
   </NODE>
   <LINK srcnodeid="83" srcpinname="Transform Out" dstnodeid="39" dstpinname="Transform In">
   </LINK>
   <NODE systemname="Toggle (Animation)" nodename="Toggle (Animation)" componentmode="Hidden" id="87">
   <BOUNDS type="Node" left="7690" top="750" width="100" height="100">
   </BOUNDS>
   <PIN pinname="Output" visible="1">
   </PIN>
   <PIN pinname="Input" visible="1" slicecount="1" values="-1">
   </PIN>
   </NODE>
   <LINK srcnodeid="77" srcpinname="Middle Button" dstnodeid="87" dstpinname="Input">
   </LINK>
   <LINK srcnodeid="87" srcpinname="Output" dstnodeid="83" dstpinname="ScaleX">
   </LINK>
   <LINK srcnodeid="87" srcpinname="Output" dstnodeid="83" dstpinname="ScaleY">
   </LINK>
   </PATCH>