<!DOCTYPE PATCH  SYSTEM "http://vvvv.org/versions/vvvv45beta34.2.dtd" >
   <PATCH nodename="C:\Users\Irene Manetti\Desktop\VVVVVVVVVVVVVVVV\vvvv_45beta34.2_x86\schifo lapis.v4p" scrollx="238" scrolly="2502" systemname="schifo lapis" filename="C:\Users\Irene Manetti\Desktop\VVVVVVVVVVVVVVVV\vvvv_45beta34.2_x86\schifo lapis.v4p">
   <BOUNDS type="Window" left="2961" top="3045" width="12131" height="10150">
   </BOUNDS>
   <NODE systemname="Reader (SVG)" filename="%VVVV%\lib\nodes\plugins\VVVV.Nodes.dll" nodename="Reader (SVG)" componentmode="Hidden" id="14">
   <BOUNDS type="Node" left="4872" top="4130" width="100" height="100">
   </BOUNDS>
   <PIN pinname="Filename" slicecount="1" values="..\..\svg\lapis.svg">
   </PIN>
   <PIN pinname="Document" visible="1">
   </PIN>
   <PIN pinname="Layer" visible="1">
   </PIN>
   <PIN pinname="SizeXY" visible="1">
   </PIN>
   <PIN pinname="Background Color" visible="1">
   </PIN>
   <PIN pinname="Reload" visible="1" slicecount="1" values="0.793023510777857">
   </PIN>
   </NODE>
   <NODE systemname="Renderer (EX9)" nodename="Renderer (EX9)" componentmode="InAWindow" id="53">
   <BOUNDS type="Node" left="5761" top="11515" width="100" height="100">
   </BOUNDS>
   <BOUNDS type="Box" left="5761" top="11515" width="2093" height="1568">
   </BOUNDS>
   <BOUNDS type="Window" left="12159" top="1302" width="7560" height="6321">
   </BOUNDS>
   <PIN pinname="Layers" visible="1" slicecount="1" values="||">
   </PIN>
   <PIN pinname="Background Color" visible="1">
   </PIN>
   </NODE>
   <NODE systemname="SVGTexture (EX9.Texture)" filename="%VVVV%\lib\nodes\plugins\VVVV.Nodes.dll" nodename="SVGTexture (EX9.Texture)" componentmode="Hidden" id="54">
   <BOUNDS type="Node" left="4963" top="5327" width="100" height="100">
   </BOUNDS>
   <PIN pinname="Document" visible="1" slicecount="1" values="||">
   </PIN>
   <PIN pinname="Texture Out" visible="1">
   </PIN>
   <PIN pinname="SizeXY" visible="1" slicecount="7" values="0.229319052850151,0.229319052850151,0.229319052850151,0.229319052850151,0.229319052850151,0.229319052850151,0.229319052850151">
   </PIN>
   <PIN pinname="Transform" visible="1" slicecount="1" values="||">
   </PIN>
   </NODE>
   <NODE systemname="Quad (DX9)" nodename="Quad (DX9)" componentmode="Hidden" id="56">
   <BOUNDS type="Node" left="4375" top="5852" width="100" height="100">
   </BOUNDS>
   <PIN pinname="Texture" visible="1">
   </PIN>
   <PIN pinname="Layer" visible="1">
   </PIN>
   <PIN pinname="Color" visible="1" slicecount="1" values="|0.31619,0.59922,0.00000,1.00000|">
   </PIN>
   <PIN pinname="Transform" visible="1">
   </PIN>
   </NODE>
   <LINK srcnodeid="54" srcpinname="Texture Out" dstnodeid="56" dstpinname="Texture">
   </LINK>
   <LINK srcnodeid="14" srcpinname="Document" dstnodeid="54" dstpinname="Document">
   </LINK>
   <NODE systemname="IOBox (Color)" nodename="IOBox (Color)" componentmode="InABox" id="59">
   <BOUNDS type="Node" left="6202" top="3262" width="100" height="100">
   </BOUNDS>
   <BOUNDS type="Box" left="6202" top="3262" width="2250" height="480">
   </BOUNDS>
   <PIN pinname="Color Input" slicecount="1" values="|0.00000,1.00000,0.41830,1.00000|" visible="1">
   </PIN>
   <PIN pinname="Color Output" visible="1">
   </PIN>
   </NODE>
   <LINK srcnodeid="59" srcpinname="Color Output" dstnodeid="14" dstpinname="Background Color">
   </LINK>
   <NODE systemname="Reader (SVG)" filename="%VVVV%\lib\nodes\plugins\VVVV.Nodes.dll" nodename="Reader (SVG)" componentmode="Hidden" id="64">
   <BOUNDS type="Node" left="2212" top="4410" width="100" height="100">
   </BOUNDS>
   <PIN pinname="Filename" slicecount="1" values="..\..\svg\].svg">
   </PIN>
   <PIN pinname="Document" visible="1">
   </PIN>
   <PIN pinname="Layer" visible="1">
   </PIN>
   <PIN pinname="SizeXY" visible="1">
   </PIN>
   <PIN pinname="Background Color" visible="1" slicecount="1" values="|0.00000,0.00000,0.00000,0.00000|">
   </PIN>
   <PIN pinname="Reload" visible="1" slicecount="1" values="0.793023510777857">
   </PIN>
   </NODE>
   <NODE systemname="Group (EX9)" nodename="Group (EX9)" componentmode="Hidden" id="67">
   <BOUNDS type="Node" left="3458" top="7987" width="100" height="100">
   </BOUNDS>
   <PIN pinname="Layer 2" visible="1">
   </PIN>
   <PIN pinname="Layer 1" visible="1" slicecount="1" values="||">
   </PIN>
   <PIN pinname="Layer" visible="1">
   </PIN>
   </NODE>
   <LINK srcnodeid="56" srcpinname="Layer" dstnodeid="67" dstpinname="Layer 2">
   </LINK>
   <LINK srcnodeid="67" srcpinname="Layer" dstnodeid="53" dstpinname="Layers">
   </LINK>
   <NODE systemname="IOBox (Color)" nodename="IOBox (Color)" componentmode="InABox" id="68">
   <BOUNDS type="Node" left="2898" top="3367" width="100" height="100">
   </BOUNDS>
   <BOUNDS type="Box" left="2898" top="3367" width="2250" height="480">
   </BOUNDS>
   <PIN pinname="Color Input" slicecount="1" values="|0.00000,1.00000,0.41830,1.00000|" visible="1">
   </PIN>
   <PIN pinname="Color Output" visible="1">
   </PIN>
   </NODE>
   <LINK srcnodeid="68" srcpinname="Color Output" dstnodeid="64" dstpinname="Background Color">
   </LINK>
   <NODE systemname="Transform (Transform 2d)" nodename="Transform (Transform 2d)" componentmode="Hidden" id="69">
   <BOUNDS type="Node" left="5642" top="6426" width="100" height="100">
   </BOUNDS>
   <PIN pinname="Transform Out" visible="1">
   </PIN>
   <PIN pinname="Transform In" visible="1">
   </PIN>
   <PIN pinname="ScaleX" slicecount="1" values="1.08">
   </PIN>
   <PIN pinname="TranslateX" slicecount="1" values="-1.87">
   </PIN>
   <PIN pinname="TranslateY" slicecount="1" values="1.87">
   </PIN>
   <PIN pinname="ScaleY" slicecount="1" values="0.86">
   </PIN>
   </NODE>
   <LINK srcnodeid="69" srcpinname="Transform Out" dstnodeid="56" dstpinname="Transform">
   </LINK>
   <NODE systemname="AspectRatio (Transform)" nodename="AspectRatio (Transform)" componentmode="Hidden" id="70">
   <BOUNDS type="Node" left="6482" top="5796" width="100" height="100">
   </BOUNDS>
   <PIN pinname="Transform Out" visible="1">
   </PIN>
   <PIN pinname="Uniform Scale" slicecount="1" values="0.38">
   </PIN>
   <PIN pinname="Aspect Width" slicecount="1" values="1.05">
   </PIN>
   </NODE>
   <LINK srcnodeid="70" srcpinname="Transform Out" dstnodeid="69" dstpinname="Transform In">
   </LINK>
   <NODE systemname="IOBox (Color)" nodename="IOBox (Color)" componentmode="InABox" id="77">
   <BOUNDS type="Node" left="7497" top="10913" width="100" height="100">
   </BOUNDS>
   <BOUNDS type="Box" left="7497" top="10913" width="2618" height="882">
   </BOUNDS>
   <PIN pinname="Color Input" slicecount="1" visible="1" values="|0.00000,0.00000,0.00000,1.00000|">
   </PIN>
   <PIN pinname="Color Output" visible="1">
   </PIN>
   <PIN pinname="Chooser Style" slicecount="1" values="RGBASlider">
   </PIN>
   </NODE>
   <NODE systemname="RGB (Color Join Picker)" filename="%VVVV%\lib\nodes\modules\Color\RGB (Color Join Picker).v4p" nodename="RGB (Color Join Picker)" componentmode="Hidden" id="79">
   <BOUNDS type="Node" left="7910" top="10227" width="100" height="100">
   </BOUNDS>
   <PIN pinname="Red" slicecount="1" values="250" visible="1">
   </PIN>
   <PIN pinname="Green" slicecount="1" values="-158441" visible="1">
   </PIN>
   <PIN pinname="Blue" slicecount="1" values="-158441" visible="1">
   </PIN>
   <PIN pinname="Output" visible="1">
   </PIN>
   <PIN pinname="Alpha" visible="1" slicecount="1" values="-377">
   </PIN>
   </NODE>
   <LINK srcnodeid="79" srcpinname="Output" dstnodeid="77" dstpinname="Color Input">
   </LINK>
   <LINK srcnodeid="77" srcpinname="Color Output" dstnodeid="53" dstpinname="Background Color">
   </LINK>
   <NODE systemname="RGB (Color Join Picker)" filename="%VVVV%\lib\nodes\modules\Color\RGB (Color Join Picker).v4p" nodename="RGB (Color Join Picker)" componentmode="Hidden" id="80">
   <BOUNDS type="Node" left="6181" top="2590" width="100" height="100">
   </BOUNDS>
   <PIN pinname="Red" slicecount="1" values="250">
   </PIN>
   <PIN pinname="Green" slicecount="1" values="250">
   </PIN>
   <PIN pinname="Blue" slicecount="1" values="250">
   </PIN>
   <PIN pinname="Output" visible="1">
   </PIN>
   </NODE>
   <NODE systemname="RGB (Color Join Picker)" filename="%VVVV%\lib\nodes\modules\Color\RGB (Color Join Picker).v4p" nodename="RGB (Color Join Picker)" componentmode="Hidden" id="81">
   <BOUNDS type="Node" left="2870" top="2639" width="100" height="100">
   </BOUNDS>
   <PIN pinname="Red" slicecount="1" values="250">
   </PIN>
   <PIN pinname="Green" slicecount="1" values="250">
   </PIN>
   <PIN pinname="Blue" slicecount="1" values="250">
   </PIN>
   <PIN pinname="Output" visible="1">
   </PIN>
   </NODE>
   <LINK srcnodeid="80" srcpinname="Output" dstnodeid="59" dstpinname="Color Input">
   </LINK>
   <LINK srcnodeid="81" srcpinname="Output" dstnodeid="68" dstpinname="Color Input">
   </LINK>
   <NODE systemname="Transform (Transform 2d)" nodename="Transform (Transform 2d)" componentmode="Hidden" id="84">
   <BOUNDS type="Node" left="6496" top="5061" width="100" height="100">
   </BOUNDS>
   <PIN pinname="ScaleY" slicecount="1" values="0.68">
   </PIN>
   <PIN pinname="TranslateX" visible="1" slicecount="2" values="-0.931623931623932,0.0331632653061225">
   </PIN>
   <PIN pinname="TranslateY" visible="1" slicecount="1" values="0">
   </PIN>
   </NODE>
   <LINK srcnodeid="84" srcpinname="Transform Out" dstnodeid="54" dstpinname="Transform">
   </LINK>
   <NODE systemname="SVGTexture (EX9.Texture)" filename="%VVVV%\lib\nodes\plugins\VVVV.Nodes.dll" nodename="SVGTexture (EX9.Texture)" componentmode="Hidden" id="116">
   <BOUNDS type="Node" left="2226" top="5628" width="100" height="100">
   </BOUNDS>
   <PIN pinname="Document" visible="1">
   </PIN>
   <PIN pinname="Texture Out" visible="1">
   </PIN>
   </NODE>
   <LINK srcnodeid="64" srcpinname="Document" dstnodeid="116" dstpinname="Document">
   </LINK>
   <NODE systemname="Quad (DX9)" nodename="Quad (DX9)" componentmode="Hidden" id="117">
   <BOUNDS type="Node" left="1897" top="6678" width="100" height="100">
   </BOUNDS>
   <PIN pinname="Texture" visible="1" slicecount="1" values="||">
   </PIN>
   <PIN pinname="Layer" visible="1">
   </PIN>
   <PIN pinname="Color" visible="1" slicecount="1" values="|0.31619,0.59922,0.00000,1.00000|">
   </PIN>
   <PIN pinname="Transform" visible="1" slicecount="1" values="||">
   </PIN>
   </NODE>
   <LINK srcnodeid="116" srcpinname="Texture Out" dstnodeid="117" dstpinname="Texture">
   </LINK>
   <LINK srcnodeid="117" srcpinname="Layer" dstnodeid="67" dstpinname="Layer 1">
   </LINK>
   <NODE systemname="Transform (Transform 2d)" nodename="Transform (Transform 2d)" componentmode="Hidden" id="118">
   <BOUNDS type="Node" left="385" top="5516" width="100" height="100">
   </BOUNDS>
   <PIN pinname="Transform Out" visible="1">
   </PIN>
   <PIN pinname="ScaleX" slicecount="1" values="0.23">
   </PIN>
   <PIN pinname="Transform In" visible="1">
   </PIN>
   <PIN pinname="TranslateX" slicecount="1" values="3.56">
   </PIN>
   <PIN pinname="TranslateY" slicecount="1" values="-3.56">
   </PIN>
   </NODE>
   <LINK srcnodeid="118" srcpinname="Transform Out" dstnodeid="117" dstpinname="Transform">
   </LINK>
   <NODE systemname="AspectRatio (Transform)" nodename="AspectRatio (Transform)" componentmode="Hidden" id="119">
   <BOUNDS type="Node" left="371" top="4508" width="100" height="100">
   </BOUNDS>
   <PIN pinname="Transform Out" visible="1">
   </PIN>
   <PIN pinname="Uniform Scale" slicecount="1" values="0.25">
   </PIN>
   <PIN pinname="Aspect Width" slicecount="1" values="1.05">
   </PIN>
   </NODE>
   <LINK srcnodeid="119" srcpinname="Transform Out" dstnodeid="118" dstpinname="Transform In">
   </LINK>
   <NODE systemname="Mouse (Devices Window)" filename="%VVVV%\lib\nodes\plugins\VVVV.Nodes.dll" nodename="Mouse (Devices Window)" componentmode="Hidden" id="120">
   <BOUNDS type="Node" left="7420" top="6930" width="100" height="100">
   </BOUNDS>
   <PIN pinname="PositionXY" visible="1">
   </PIN>
   </NODE>
   <NODE systemname="Vector (2d Split)" nodename="Vector (2d Split)" componentmode="Hidden" id="124">
   <BOUNDS type="Node" left="7476" top="7658" width="100" height="100">
   </BOUNDS>
   <PIN pinname="XY" visible="1">
   </PIN>
   <PIN pinname="X" visible="1">
   </PIN>
   <PIN pinname="Y" visible="1">
   </PIN>
   </NODE>
   <NODE systemname="IOBox (Value Advanced)" nodename="IOBox (Value Advanced)" componentmode="InABox" id="125">
   <BOUNDS type="Node" left="5355" top="8463" width="100" height="100">
   </BOUNDS>
   <BOUNDS type="Box" left="5355" top="8463" width="280" height="574">
   </BOUNDS>
   <PIN pinname="Y Output Value" visible="1">
   </PIN>
   <PIN pinname="Y Input Value" slicecount="1" values="250">
   </PIN>
   </NODE>
   <NODE systemname="IOBox (Value Advanced)" nodename="IOBox (Value Advanced)" componentmode="InABox" id="126">
   <BOUNDS type="Node" left="6293" top="8456" width="100" height="100">
   </BOUNDS>
   <BOUNDS type="Box" left="6293" top="8456" width="280" height="574">
   </BOUNDS>
   <PIN pinname="Y Output Value" visible="1">
   </PIN>
   <PIN pinname="Y Input Value" slicecount="1" values="250">
   </PIN>
   </NODE>
   <NODE systemname="IOBox (Value Advanced)" nodename="IOBox (Value Advanced)" componentmode="InABox" id="127">
   <BOUNDS type="Node" left="4445" top="8484" width="100" height="100">
   </BOUNDS>
   <BOUNDS type="Box" left="4445" top="8484" width="280" height="574">
   </BOUNDS>
   <PIN pinname="Y Output Value" visible="1">
   </PIN>
   <PIN pinname="Y Input Value" slicecount="1" values="250">
   </PIN>
   </NODE>
   <LINK srcnodeid="120" srcpinname="PositionXY" dstnodeid="124" dstpinname="XY">
   </LINK>
   <NODE id="122" systemname="Map (Value)" nodename="Map (Value)" componentmode="Hidden" hiddenwhenlocked="0" managers="">
   <PIN pinname="Output" visible="1" pintype="Output">
   </PIN>
   <BOUNDS type="Node" left="7287" top="9023" width="100" height="100">
   </BOUNDS>
   <PIN pinname="Source Maximum" visible="1" slicecount="1" pintype="Input" values="-0.439229843561974">
   </PIN>
   <PIN pinname="Source Minimum" visible="1" slicecount="1" pintype="Input" values="-0.899335232668566">
   </PIN>
   <PIN pinname="Destination Maximum" slicecount="1" pintype="Input" visible="1" values="200">
   </PIN>
   <PIN pinname="Descriptive Name" pintype="Configuration" slicecount="1" values="||">
   </PIN>
   <PIN pinname="Input" pintype="Input" visible="1" slicecount="1" values="0.5">
   </PIN>
   <PIN pinname="Destination Minimum" pintype="Input" visible="1" slicecount="1" values="100">
   </PIN>
   <PIN pinname="Mapping" pintype="Input" visible="1" slicecount="1" values="Float">
   </PIN>
   <PIN pinname="ID" pintype="Output" visible="-1">
   </PIN>
   </NODE>
   <LINK srcnodeid="124" srcpinname="Y" dstnodeid="122" dstpinname="Source Maximum">
   </LINK>
   <NODE systemname="Mouse (Devices Window)" filename="%VVVV%\lib\nodes\plugins\VVVV.Nodes.dll" nodename="Mouse (Devices Window)" componentmode="Hidden" id="134">
   <BOUNDS type="Node" left="9709" top="6951" width="100" height="100">
   </BOUNDS>
   <PIN pinname="PositionXY" visible="1">
   </PIN>
   </NODE>
   <NODE systemname="Vector (2d Split)" nodename="Vector (2d Split)" componentmode="Hidden" id="133">
   <BOUNDS type="Node" left="9765" top="7679" width="100" height="100">
   </BOUNDS>
   <PIN pinname="XY" visible="1">
   </PIN>
   <PIN pinname="X" visible="1">
   </PIN>
   <PIN pinname="Y" visible="1">
   </PIN>
   </NODE>
   <LINK srcnodeid="134" srcpinname="PositionXY" dstnodeid="133" dstpinname="XY">
   </LINK>
   <NODE id="132" systemname="Map (Value)" nodename="Map (Value)" componentmode="Hidden" hiddenwhenlocked="0" managers="">
   <PIN pinname="Output" visible="1" pintype="Output">
   </PIN>
   <BOUNDS type="Node" left="9562" top="9002" width="100" height="100">
   </BOUNDS>
   <PIN pinname="Source Maximum" visible="1" slicecount="1" pintype="Input" values="-0.439229843561974">
   </PIN>
   <PIN pinname="Source Minimum" visible="1" slicecount="1" pintype="Input" values="-0.899335232668566">
   </PIN>
   <PIN pinname="Destination Maximum" slicecount="1" pintype="Input" visible="1" values="150">
   </PIN>
   <PIN pinname="Descriptive Name" pintype="Configuration" slicecount="1" values="||">
   </PIN>
   <PIN pinname="Input" pintype="Input" visible="1" slicecount="1" values="0.5">
   </PIN>
   <PIN pinname="Destination Minimum" pintype="Input" visible="1" slicecount="1" values="250">
   </PIN>
   <PIN pinname="Mapping" pintype="Input" visible="1" slicecount="1" values="Float">
   </PIN>
   <PIN pinname="ID" pintype="Output" visible="-1">
   </PIN>
   </NODE>
   <LINK srcnodeid="133" srcpinname="Y" dstnodeid="132" dstpinname="Source Maximum">
   </LINK>
   <NODE systemname="Mouse (Devices Window)" filename="%VVVV%\lib\nodes\plugins\VVVV.Nodes.dll" nodename="Mouse (Devices Window)" componentmode="Hidden" id="137">
   <BOUNDS type="Node" left="8561" top="6979" width="100" height="100">
   </BOUNDS>
   <PIN pinname="PositionXY" visible="1">
   </PIN>
   </NODE>
   <NODE systemname="Vector (2d Split)" nodename="Vector (2d Split)" componentmode="Hidden" id="136">
   <BOUNDS type="Node" left="8617" top="7707" width="100" height="100">
   </BOUNDS>
   <PIN pinname="XY" visible="1">
   </PIN>
   <PIN pinname="X" visible="1">
   </PIN>
   <PIN pinname="Y" visible="1">
   </PIN>
   </NODE>
   <LINK srcnodeid="137" srcpinname="PositionXY" dstnodeid="136" dstpinname="XY">
   </LINK>
   <NODE id="135" systemname="Map (Value)" nodename="Map (Value)" componentmode="Hidden" hiddenwhenlocked="0" managers="">
   <PIN pinname="Output" visible="1" pintype="Output">
   </PIN>
   <BOUNDS type="Node" left="8330" top="8834" width="100" height="100">
   </BOUNDS>
   <PIN pinname="Source Maximum" visible="1" slicecount="1" pintype="Input" values="-0.439229843561974">
   </PIN>
   <PIN pinname="Source Minimum" visible="1" slicecount="1" pintype="Input" values="-0.899335232668566">
   </PIN>
   <PIN pinname="Destination Maximum" slicecount="1" pintype="Input" visible="1" values="100">
   </PIN>
   <PIN pinname="Descriptive Name" pintype="Configuration" slicecount="1" values="||">
   </PIN>
   <PIN pinname="Input" pintype="Input" visible="1" slicecount="1" values="0.5">
   </PIN>
   <PIN pinname="Destination Minimum" pintype="Input" visible="1" slicecount="1" values="5.83">
   </PIN>
   <PIN pinname="Mapping" pintype="Input" visible="1" slicecount="1" values="Float">
   </PIN>
   <PIN pinname="ID" pintype="Output" visible="-1">
   </PIN>
   </NODE>
   <LINK srcnodeid="136" srcpinname="Y" dstnodeid="135" dstpinname="Source Maximum">
   </LINK>
   <LINK srcnodeid="122" srcpinname="Output" dstnodeid="79" dstpinname="Red">
   </LINK>
   <LINK srcnodeid="135" srcpinname="Output" dstnodeid="79" dstpinname="Green">
   </LINK>
   <NODE systemname="Mouse (Devices Window)" filename="%VVVV%\lib\nodes\plugins\VVVV.Nodes.dll" nodename="Mouse (Devices Window)" componentmode="Hidden" id="140">
   <BOUNDS type="Node" left="10990" top="6937" width="100" height="100">
   </BOUNDS>
   <PIN pinname="PositionXY" visible="1">
   </PIN>
   </NODE>
   <NODE systemname="Vector (2d Split)" nodename="Vector (2d Split)" componentmode="Hidden" id="139">
   <BOUNDS type="Node" left="11046" top="7777" width="100" height="100">
   </BOUNDS>
   <PIN pinname="XY" visible="1">
   </PIN>
   <PIN pinname="X" visible="1">
   </PIN>
   <PIN pinname="Y" visible="1">
   </PIN>
   </NODE>
   <LINK srcnodeid="140" srcpinname="PositionXY" dstnodeid="139" dstpinname="XY">
   </LINK>
   <NODE id="138" systemname="Map (Value)" nodename="Map (Value)" componentmode="Hidden" hiddenwhenlocked="0" managers="">
   <PIN pinname="Output" visible="1" pintype="Output">
   </PIN>
   <BOUNDS type="Node" left="10892" top="9002" width="100" height="100">
   </BOUNDS>
   <PIN pinname="Source Maximum" visible="1" slicecount="1" pintype="Input" values="0">
   </PIN>
   <PIN pinname="Source Minimum" visible="1" slicecount="1" pintype="Input" values="-1">
   </PIN>
   <PIN pinname="Destination Maximum" slicecount="1" pintype="Input" visible="1" values="2.64">
   </PIN>
   <PIN pinname="Descriptive Name" pintype="Configuration" slicecount="1" values="||">
   </PIN>
   <PIN pinname="Input" pintype="Input" visible="1" slicecount="1" values="0.5">
   </PIN>
   <PIN pinname="Destination Minimum" pintype="Input" visible="1" slicecount="1" values="250">
   </PIN>
   <PIN pinname="Mapping" pintype="Input" visible="1" slicecount="1" values="Float">
   </PIN>
   <PIN pinname="ID" pintype="Output" visible="-1">
   </PIN>
   </NODE>
   <LINK srcnodeid="139" srcpinname="X" dstnodeid="138" dstpinname="Source Minimum">
   </LINK>
   <LINK srcnodeid="138" srcpinname="Output" dstnodeid="79" dstpinname="Alpha">
   </LINK>
   <LINK srcnodeid="124" srcpinname="X" dstnodeid="122" dstpinname="Source Minimum">
   </LINK>
   <LINK srcnodeid="136" srcpinname="X" dstnodeid="135" dstpinname="Source Minimum">
   </LINK>
   <LINK srcnodeid="133" srcpinname="X" dstnodeid="132" dstpinname="Source Minimum">
   </LINK>
   <LINK srcnodeid="132" srcpinname="Output" dstnodeid="79" dstpinname="Blue">
   </LINK>
   </PATCH>